{
    "predict_bleu-4": 59.26158590455051,
    "predict_rouge-1": 76.35960044395117,
    "predict_rouge-2": 0.0,
    "predict_rouge-l": 76.35960044395117,
    "predict_runtime": 75.3774,
    "predict_samples_per_second": 11.953,
    "predict_steps_per_second": 1.499
}