{
    "predict_bleu-4": 59.79536270810212,
    "predict_rouge-1": 76.69256381798002,
    "predict_rouge-2": 0.0,
    "predict_rouge-l": 76.69256381798002,
    "predict_runtime": 75.7431,
    "predict_samples_per_second": 11.895,
    "predict_steps_per_second": 1.492
}